Datum,BundeslandID,Name,GemeldeteTestsApotheken,GemeldeteTestsBetriebe
2021-04-28,1,Burgenland,236422,68761
2021-04-28,2,Kärnten,176205,78015
2021-04-28,3,Niederösterreich,397169,510424
2021-04-28,4,Oberösterreich,347180,306641
2021-04-28,5,Salzburg,246114,101554
2021-04-28,6,Steiermark,542714,388944
2021-04-28,7,Tirol,321005,67924
2021-04-28,8,Vorarlberg,204500,56577
2021-04-28,9,Wien,987752,296169
2021-04-28,10,Österreich,3459061,1875009
2021-04-29,1,Burgenland,242288,73433
2021-04-29,2,Kärnten,181185,83225
2021-04-29,3,Niederösterreich,405068,523172
2021-04-29,4,Oberösterreich,357106,315155
2021-04-29,5,Salzburg,253543,105762
2021-04-29,6,Steiermark,557460,402836
2021-04-29,7,Tirol,327972,72415
2021-04-29,8,Vorarlberg,214257,61870
2021-04-29,9,Wien,1011712,345276
2021-04-29,10,Österreich,3550591,1983144
2021-04-30,1,Burgenland,248781,75684
2021-04-30,2,Kärnten,186459,84987
2021-04-30,3,Niederösterreich,412589,533498
2021-04-30,4,Oberösterreich,367057,324468
2021-04-30,5,Salzburg,261159,108473
2021-04-30,6,Steiermark,572821,412074
2021-04-30,7,Tirol,335358,73831
2021-04-30,8,Vorarlberg,223550,63685
2021-04-30,9,Wien,1035619,353822
2021-04-30,10,Österreich,3643393,2030522
2021-05-01,1,Burgenland,255228,77382
2021-05-01,2,Kärnten,191865,86803
2021-05-01,3,Niederösterreich,422489,542827
2021-05-01,4,Oberösterreich,375933,330002
2021-05-01,5,Salzburg,269358,110179
2021-05-01,6,Steiermark,587995,419331
2021-05-01,7,Tirol,344980,75700
2021-05-01,8,Vorarlberg,238272,66473
2021-05-01,9,Wien,1061053,360571
2021-05-01,10,Österreich,3747173,2069268
2021-05-02,1,Burgenland,255434,77555
2021-05-02,2,Kärnten,192103,86836
2021-05-02,3,Niederösterreich,423134,543542
2021-05-02,4,Oberösterreich,376139,330196
2021-05-02,5,Salzburg,270004,110291
2021-05-02,6,Steiermark,588435,419913
2021-05-02,7,Tirol,345295,75779
2021-05-02,8,Vorarlberg,244249,66527
2021-05-02,9,Wien,1061790,360662
2021-05-02,10,Österreich,3756583,2071301
2021-05-03,1,Burgenland,255462,78158
2021-05-03,2,Kärnten,192217,87215
2021-05-03,3,Niederösterreich,423700,548222
2021-05-03,4,Oberösterreich,376348,331876
2021-05-03,5,Salzburg,270288,110874
2021-05-03,6,Steiermark,588784,422584
2021-05-03,7,Tirol,345627,76108
2021-05-03,8,Vorarlberg,248382,66832
2021-05-03,9,Wien,1062373,361628
2021-05-03,10,Österreich,3763181,2083497
2021-05-04,1,Burgenland,264444,82130
2021-05-04,2,Kärnten,198748,90068
2021-05-04,3,Niederösterreich,442325,565429
2021-05-04,4,Oberösterreich,389157,345076
2021-05-04,5,Salzburg,279681,117509
2021-05-04,6,Steiermark,609125,436352
2021-05-04,7,Tirol,354689,77804
2021-05-04,8,Vorarlberg,258493,69009
2021-05-04,9,Wien,1109179,374751
2021-05-04,10,Österreich,3905841,2158128
2021-05-05,1,Burgenland,269500,83604
2021-05-05,2,Kärnten,203816,91771
2021-05-05,3,Niederösterreich,454165,576536
2021-05-05,4,Oberösterreich,398888,352810
2021-05-05,5,Salzburg,286259,119865
2021-05-05,6,Steiermark,623486,446360
2021-05-05,7,Tirol,361561,78974
2021-05-05,8,Vorarlberg,267544,70541
2021-05-05,9,Wien,1144016,382611
2021-05-05,10,Österreich,4009235,2203072
2021-05-06,1,Burgenland,275099,92866
2021-05-06,2,Kärnten,208881,94115
2021-05-06,3,Niederösterreich,466379,591745
2021-05-06,4,Oberösterreich,408886,361179
2021-05-06,5,Salzburg,293810,123150
2021-05-06,6,Steiermark,639080,459345
2021-05-06,7,Tirol,368419,80881
2021-05-06,8,Vorarlberg,276191,73657
2021-05-06,9,Wien,1178646,399861
2021-05-06,10,Österreich,4115391,2276799
2021-05-07,1,Burgenland,281712,204701
2021-05-07,2,Kärnten,213934,98205
2021-05-07,3,Niederösterreich,477923,621795
2021-05-07,4,Oberösterreich,419116,380869
2021-05-07,5,Salzburg,300721,129383
2021-05-07,6,Steiermark,654725,487370
2021-05-07,7,Tirol,375090,90011
2021-05-07,8,Vorarlberg,285572,75489
2021-05-07,9,Wien,1213844,438707
2021-05-07,10,Österreich,4222637,2526530
2021-05-08,1,Burgenland,289952,206802
2021-05-08,2,Kärnten,220870,100389
2021-05-08,3,Niederösterreich,494707,632126
2021-05-08,4,Oberösterreich,431206,387487
2021-05-08,5,Salzburg,309711,131118
2021-05-08,6,Steiermark,673917,495786
2021-05-08,7,Tirol,385866,92500
2021-05-08,8,Vorarlberg,303182,78013
2021-05-08,9,Wien,1253281,445937
2021-05-08,10,Österreich,4362692,2570158
2021-05-09,1,Burgenland,290229,207332
2021-05-09,2,Kärnten,221714,100421
2021-05-09,3,Niederösterreich,496317,634594
2021-05-09,4,Oberösterreich,432004,387802
2021-05-09,5,Salzburg,311348,131274
2021-05-09,6,Steiermark,675251,496548
2021-05-09,7,Tirol,386361,92572
2021-05-09,8,Vorarlberg,314813,78266
2021-05-09,9,Wien,1258668,446201
2021-05-09,10,Österreich,4386705,2575010
2021-05-10,1,Burgenland,290527,207887
2021-05-10,2,Kärnten,221979,100845
2021-05-10,3,Niederösterreich,497368,638464
2021-05-10,4,Oberösterreich,432351,389838
2021-05-10,5,Salzburg,311710,131754
2021-05-10,6,Steiermark,676374,499620
2021-05-10,7,Tirol,386691,92977
2021-05-10,8,Vorarlberg,321439,78697
2021-05-10,9,Wien,1259393,447038
2021-05-10,10,Österreich,4397832,2587120
2021-05-11,1,Burgenland,298894,211419
2021-05-11,2,Kärnten,228326,103831
2021-05-11,3,Niederösterreich,513111,654236
2021-05-11,4,Oberösterreich,445228,402277
2021-05-11,5,Salzburg,320541,136206
2021-05-11,6,Steiermark,695818,513765
2021-05-11,7,Tirol,394480,94327
2021-05-11,8,Vorarlberg,331799,80747
2021-05-11,9,Wien,1301867,459443
2021-05-11,10,Österreich,4530064,2656251
2021-05-12,1,Burgenland,303944,213454
2021-05-12,2,Kärnten,233384,105831
2021-05-12,3,Niederösterreich,524503,665057
2021-05-12,4,Oberösterreich,454925,410284
2021-05-12,5,Salzburg,327123,139946
2021-05-12,6,Steiermark,710651,543495
2021-05-12,7,Tirol,400817,96062
2021-05-12,8,Vorarlberg,339328,82573
2021-05-12,9,Wien,1335613,471187
2021-05-12,10,Österreich,4630288,2727889
2021-05-13,1,Burgenland,310325,220276
2021-05-13,2,Kärnten,239092,108537
2021-05-13,3,Niederösterreich,536482,677896
2021-05-13,4,Oberösterreich,465322,420177
2021-05-13,5,Salzburg,334990,145581
2021-05-13,6,Steiermark,727364,557631
2021-05-13,7,Tirol,408462,97521
2021-05-13,8,Vorarlberg,349732,89628
2021-05-13,9,Wien,1369679,483964
2021-05-13,10,Österreich,4741448,2801211
2021-05-14,1,Burgenland,310572,220706
2021-05-14,2,Kärnten,239324,108731
2021-05-14,3,Niederösterreich,537267,679471
2021-05-14,4,Oberösterreich,465555,421003
2021-05-14,5,Salzburg,335384,145792
2021-05-14,6,Steiermark,728128,559170
2021-05-14,7,Tirol,408727,97735
2021-05-14,8,Vorarlberg,354658,89772
2021-05-14,9,Wien,1370190,484784
2021-05-14,10,Österreich,4749805,2807164
2021-05-15,1,Burgenland,317606,236824
2021-05-15,2,Kärnten,245370,110258
2021-05-15,3,Niederösterreich,551628,689516
2021-05-15,4,Oberösterreich,475251,425999
2021-05-15,5,Salzburg,342798,147777
2021-05-15,6,Steiermark,744010,578229
2021-05-15,7,Tirol,417132,98881
2021-05-15,8,Vorarlberg,370895,91588
2021-05-15,9,Wien,1404886,505093
2021-05-15,10,Österreich,4869576,2884165
2021-05-16,1,Burgenland,319607,238489
2021-05-16,2,Kärnten,247382,110336
2021-05-16,3,Niederösterreich,556463,692787
2021-05-16,4,Oberösterreich,477968,426365
2021-05-16,5,Salzburg,345506,147865
2021-05-16,6,Steiermark,748537,578852
2021-05-16,7,Tirol,419859,99021
2021-05-16,8,Vorarlberg,381068,91754
2021-05-16,9,Wien,1415776,516462
2021-05-16,10,Österreich,4912166,2901931
2021-05-17,1,Burgenland,319987,239566
2021-05-17,2,Kärnten,247807,110706
2021-05-17,3,Niederösterreich,557467,696702
2021-05-17,4,Oberösterreich,478467,428556
2021-05-17,5,Salzburg,345802,148501
2021-05-17,6,Steiermark,749655,581877
2021-05-17,7,Tirol,420270,99367
2021-05-17,8,Vorarlberg,385338,92017
2021-05-17,9,Wien,1416478,542707
2021-05-17,10,Österreich,4921271,2939999
2021-05-18,1,Burgenland,328000,243869
2021-05-18,2,Kärnten,254192,113746
2021-05-18,3,Niederösterreich,571634,711756
2021-05-18,4,Oberösterreich,490924,442513
2021-05-18,5,Salzburg,353475,153040
2021-05-18,6,Steiermark,769518,598844
2021-05-18,7,Tirol,428087,101027
2021-05-18,8,Vorarlberg,393373,93981
2021-05-18,9,Wien,1456102,557710
2021-05-18,10,Österreich,5045305,3016486
2021-05-19,1,Burgenland,333892,246363
2021-05-19,2,Kärnten,260951,118739
2021-05-19,3,Niederösterreich,585763,723850
2021-05-19,4,Oberösterreich,503449,451583
2021-05-19,5,Salzburg,360674,155690
2021-05-19,6,Steiermark,788700,606963
2021-05-19,7,Tirol,435906,102813
2021-05-19,8,Vorarlberg,400274,95073
2021-05-19,9,Wien,1495218,567593
2021-05-19,10,Österreich,5164827,3068667
2021-05-20,1,Burgenland,341461,249598
2021-05-20,2,Kärnten,270285,122182
2021-05-20,3,Niederösterreich,604067,741167
2021-05-20,4,Oberösterreich,519501,461567
2021-05-20,5,Salzburg,370772,159529
2021-05-20,6,Steiermark,815608,620997
2021-05-20,7,Tirol,448075,104944
2021-05-20,8,Vorarlberg,408320,96746
2021-05-20,9,Wien,1550819,579755
2021-05-20,10,Österreich,5328908,3136485
2021-05-21,1,Burgenland,348896,252625
2021-05-21,2,Kärnten,278138,122597
2021-05-21,3,Niederösterreich,619825,754762
2021-05-21,4,Oberösterreich,533486,471746
2021-05-21,5,Salzburg,379296,162231
2021-05-21,6,Steiermark,838929,634193
2021-05-21,7,Tirol,457608,107630
2021-05-21,8,Vorarlberg,415547,98168
2021-05-21,9,Wien,1599197,592419
2021-05-21,10,Österreich,5470922,3196371
2021-05-22,1,Burgenland,358615,255670
2021-05-22,2,Kärnten,290008,126987
2021-05-22,3,Niederösterreich,643551,770316
2021-05-22,4,Oberösterreich,550609,481552
2021-05-22,5,Salzburg,389803,164991
2021-05-22,6,Steiermark,870641,647146
2021-05-22,7,Tirol,472727,109731
2021-05-22,8,Vorarlberg,427684,99977
2021-05-22,9,Wien,1659785,601369
2021-05-22,10,Österreich,5663423,3257739
2021-05-23,1,Burgenland,364389,257064
2021-05-23,2,Kärnten,295551,128819
2021-05-23,3,Niederösterreich,656911,777082
2021-05-23,4,Oberösterreich,559448,482949
2021-05-23,5,Salzburg,395381,165675
2021-05-23,6,Steiermark,885158,649310
2021-05-23,7,Tirol,479591,111164
2021-05-23,8,Vorarlberg,438914,100254
2021-05-23,9,Wien,1687138,604043
2021-05-23,10,Österreich,5762481,3276360
2021-05-24,1,Burgenland,365958,257500
2021-05-24,2,Kärnten,296270,129235
2021-05-24,3,Niederösterreich,658217,779519
2021-05-24,4,Oberösterreich,560212,483804
2021-05-24,5,Salzburg,395791,166209
2021-05-24,6,Steiermark,886216,650634
2021-05-24,7,Tirol,480468,111837
2021-05-24,8,Vorarlberg,444491,100307
2021-05-24,9,Wien,1689555,604783
2021-05-24,10,Österreich,5777178,3283828
2021-05-25,1,Burgenland,367992,258299
2021-05-25,2,Kärnten,297417,130174
2021-05-25,3,Niederösterreich,660463,784323
2021-05-25,4,Oberösterreich,561173,486446
2021-05-25,5,Salzburg,396440,167418
2021-05-25,6,Steiermark,888249,653651
2021-05-25,7,Tirol,481750,112480
2021-05-25,8,Vorarlberg,448890,100586
2021-05-25,9,Wien,1693820,606802
2021-05-25,10,Österreich,5796194,3300179
2021-05-26,1,Burgenland,376757,262434
2021-05-26,2,Kärnten,305315,134202
2021-05-26,3,Niederösterreich,678973,804209
2021-05-26,4,Oberösterreich,575037,500544
2021-05-26,5,Salzburg,405317,172243
2021-05-26,6,Steiermark,914401,670658
2021-05-26,7,Tirol,492785,114287
2021-05-26,8,Vorarlberg,456544,102222
2021-05-26,9,Wien,1752953,622040
2021-05-26,10,Österreich,5958082,3382839
2021-05-27,1,Burgenland,382813,265589
2021-05-27,2,Kärnten,311478,136528
2021-05-27,3,Niederösterreich,692099,817806
2021-05-27,4,Oberösterreich,584485,507930
2021-05-27,5,Salzburg,411332,175078
2021-05-27,6,Steiermark,934136,680781
2021-05-27,7,Tirol,500560,116476
2021-05-27,8,Vorarlberg,462316,103595
2021-05-27,9,Wien,1799152,633330
2021-05-27,10,Österreich,6078371,3438514
2021-05-28,1,Burgenland,389526,268577
2021-05-28,2,Kärnten,317320,139525
2021-05-28,3,Niederösterreich,705598,834273
2021-05-28,4,Oberösterreich,594527,518393
2021-05-28,5,Salzburg,417666,178168
2021-05-28,6,Steiermark,953545,691674
2021-05-28,7,Tirol,508622,118673
2021-05-28,8,Vorarlberg,468392,104716
2021-05-28,9,Wien,1844747,645292
2021-05-28,10,Österreich,6199943,3499291
2021-05-29,1,Burgenland,401230,271266
2021-05-29,2,Kärnten,329364,143576
2021-05-29,3,Niederösterreich,732647,849414
2021-05-29,4,Oberösterreich,612070,526574
2021-05-29,5,Salzburg,428863,181390
2021-05-29,6,Steiermark,988163,704132
2021-05-29,7,Tirol,525436,121066
2021-05-29,8,Vorarlberg,482799,106595
2021-05-29,9,Wien,1916338,653713
2021-05-29,10,Österreich,6416910,3557726
2021-05-30,1,Burgenland,402625,272519
2021-05-30,2,Kärnten,331069,145037
2021-05-30,3,Niederösterreich,738579,857002
2021-05-30,4,Oberösterreich,613944,527439
2021-05-30,5,Salzburg,429275,181866
2021-05-30,6,Steiermark,993821,705953
2021-05-30,7,Tirol,526526,122435
2021-05-30,8,Vorarlberg,487873,106904
2021-05-30,9,Wien,1929723,655368
2021-05-30,10,Österreich,6453435,3574523
2021-05-31,1,Burgenland,403922,273220
2021-05-31,2,Kärnten,331482,145826
2021-05-31,3,Niederösterreich,740313,861723
2021-05-31,4,Oberösterreich,614630,529729
2021-05-31,5,Salzburg,429708,182528
2021-05-31,6,Steiermark,995444,708979
2021-05-31,7,Tirol,526926,128118
2021-05-31,8,Vorarlberg,492605,107308
2021-05-31,9,Wien,1932898,657067
2021-05-31,10,Österreich,6467928,3594498
2021-06-01,1,Burgenland,411322,278429
2021-06-01,2,Kärnten,338409,150042
2021-06-01,3,Niederösterreich,756877,881777
2021-06-01,4,Oberösterreich,625693,545466
2021-06-01,5,Salzburg,436883,186932
2021-06-01,6,Steiermark,1018496,727776
2021-06-01,7,Tirol,536736,130865
2021-06-01,8,Vorarlberg,499557,108973
2021-06-01,9,Wien,1990287,675148
2021-06-01,10,Österreich,6614260,3685408
2021-06-02,1,Burgenland,416777,283655
2021-06-02,2,Kärnten,344329,153710
2021-06-02,3,Niederösterreich,769823,897628
2021-06-02,4,Oberösterreich,635108,555455
2021-06-02,5,Salzburg,442505,190365
2021-06-02,6,Steiermark,1036681,740903
2021-06-02,7,Tirol,544398,133239
2021-06-02,8,Vorarlberg,505677,110507
2021-06-02,9,Wien,2034204,688549
2021-06-02,10,Österreich,6729502,3754011
2021-06-03,1,Burgenland,425788,289495
2021-06-03,2,Kärnten,355094,158611
2021-06-03,3,Niederösterreich,789809,916841
2021-06-03,4,Oberösterreich,649421,566746
2021-06-03,5,Salzburg,451909,198189
2021-06-03,6,Steiermark,1065807,758845
2021-06-03,7,Tirol,558401,136793
2021-06-03,8,Vorarlberg,515081,112442
2021-06-03,9,Wien,2094850,704035
2021-06-03,10,Österreich,6906160,3841997
2021-06-04,1,Burgenland,427438,290210
2021-06-04,2,Kärnten,356052,159427
2021-06-04,3,Niederösterreich,791853,919855
2021-06-04,4,Oberösterreich,650275,567832
2021-06-04,5,Salzburg,452246,198582
2021-06-04,6,Steiermark,1067023,761394
2021-06-04,7,Tirol,559284,138173
2021-06-04,8,Vorarlberg,520315,113133
2021-06-04,9,Wien,2100197,705270
2021-06-04,10,Österreich,6924683,3853876
2021-06-05,1,Burgenland,437093,293787
2021-06-05,2,Kärnten,365215,163215
2021-06-05,3,Niederösterreich,813928,932634
2021-06-05,4,Oberösterreich,662415,573422
2021-06-05,5,Salzburg,459512,200882
2021-06-05,6,Steiermark,1094126,766967
2021-06-05,7,Tirol,571724,139880
2021-06-05,8,Vorarlberg,531652,114163
2021-06-05,9,Wien,2162863,724890
2021-06-05,10,Österreich,7098528,3909840
2021-06-06,1,Burgenland,441583,295088
2021-06-06,2,Kärnten,369145,164608
2021-06-06,3,Niederösterreich,824238,937836
2021-06-06,4,Oberösterreich,667500,574003
2021-06-06,5,Salzburg,462628,201264
2021-06-06,6,Steiermark,1103378,768665
2021-06-06,7,Tirol,576662,140462
2021-06-06,8,Vorarlberg,539324,114380
2021-06-06,9,Wien,2189165,727010
2021-06-06,10,Österreich,7173623,3923316
2021-06-07,1,Burgenland,442847,295874
2021-06-07,2,Kärnten,369469,165193
2021-06-07,3,Niederösterreich,826218,942191
2021-06-07,4,Oberösterreich,668251,576379
2021-06-07,5,Salzburg,463072,201994
2021-06-07,6,Steiermark,1105084,773826
2021-06-07,7,Tirol,577061,141262
2021-06-07,8,Vorarlberg,542692,114790
2021-06-07,9,Wien,2193029,729798
2021-06-07,10,Österreich,7187723,3941307
2021-06-08,1,Burgenland,449439,302024
2021-06-08,2,Kärnten,375861,168743
2021-06-08,3,Niederösterreich,841363,961428
2021-06-08,4,Oberösterreich,677398,588802
2021-06-08,5,Salzburg,468654,210050
2021-06-08,6,Steiermark,1125368,789639
2021-06-08,7,Tirol,585161,145332
2021-06-08,8,Vorarlberg,548488,120370
2021-06-08,9,Wien,2247877,748732
2021-06-08,10,Österreich,7319609,4035120
2021-06-09,1,Burgenland,453974,304363
2021-06-09,2,Kärnten,380125,170980
2021-06-09,3,Niederösterreich,852134,971582
2021-06-09,4,Oberösterreich,683800,594755
2021-06-09,5,Salzburg,472722,212220
2021-06-09,6,Steiermark,1138770,798687
2021-06-09,7,Tirol,590947,146819
2021-06-09,8,Vorarlberg,553234,121305
2021-06-09,9,Wien,2286497,756877
2021-06-09,10,Österreich,7412203,4077588
2021-06-10,1,Burgenland,459197,307151
2021-06-10,2,Kärnten,385272,173388
2021-06-10,3,Niederösterreich,864070,984199
2021-06-10,4,Oberösterreich,690988,601219
2021-06-10,5,Salzburg,476833,214931
2021-06-10,6,Steiermark,1154595,808620
2021-06-10,7,Tirol,597672,148373
2021-06-10,8,Vorarlberg,558490,122654
2021-06-10,9,Wien,2329696,767280
2021-06-10,10,Österreich,7516813,4127815
2021-06-11,1,Burgenland,463868,310176
2021-06-11,2,Kärnten,389631,175720
2021-06-11,3,Niederösterreich,874939,995440
2021-06-11,4,Oberösterreich,697810,607658
2021-06-11,5,Salzburg,480738,216649
2021-06-11,6,Steiermark,1168206,816266
2021-06-11,7,Tirol,603701,150347
2021-06-11,8,Vorarlberg,563971,123943
2021-06-11,9,Wien,2369737,777258
2021-06-11,10,Österreich,7612601,4173457
2021-06-12,1,Burgenland,471133,313103
2021-06-12,2,Kärnten,397579,179392
2021-06-12,3,Niederösterreich,893265,1007511
2021-06-12,4,Oberösterreich,707954,613500
2021-06-12,5,Salzburg,486705,218885
2021-06-12,6,Steiermark,1190601,824219
2021-06-12,7,Tirol,613691,152046
2021-06-12,8,Vorarlberg,573143,125386
2021-06-12,9,Wien,2422650,785577
2021-06-12,10,Österreich,7756721,4219619
2021-06-13,1,Burgenland,475167,314493
2021-06-13,2,Kärnten,401327,180571
2021-06-13,3,Niederösterreich,903863,1012826
2021-06-13,4,Oberösterreich,713149,614163
2021-06-13,5,Salzburg,489489,219333
2021-06-13,6,Steiermark,1199980,825709
2021-06-13,7,Tirol,618325,153398
2021-06-13,8,Vorarlberg,581660,125518
2021-06-13,9,Wien,2450938,787030
2021-06-13,10,Österreich,7833898,4233041
2021-06-14,1,Burgenland,476394,315191
2021-06-14,2,Kärnten,401626,181190
2021-06-14,3,Niederösterreich,905744,1016559
2021-06-14,4,Oberösterreich,713739,616190
2021-06-14,5,Salzburg,489671,219904
2021-06-14,6,Steiermark,1201427,828137
2021-06-14,7,Tirol,618616,154122
2021-06-14,8,Vorarlberg,585879,125769
2021-06-14,9,Wien,2455046,788694
2021-06-14,10,Österreich,7848142,4245756
2021-06-15,1,Burgenland,482585,318472
2021-06-15,2,Kärnten,407343,183663
2021-06-15,3,Niederösterreich,919106,1029457
2021-06-15,4,Oberösterreich,721639,623537
2021-06-15,5,Salzburg,494658,222846
2021-06-15,6,Steiermark,1218744,838896
2021-06-15,7,Tirol,626144,155244
2021-06-15,8,Vorarlberg,591858,126959
2021-06-15,9,Wien,2505669,800207
2021-06-15,10,Österreich,7967746,4299281
2021-06-16,1,Burgenland,486526,320534
2021-06-16,2,Kärnten,410923,186082
2021-06-16,3,Niederösterreich,928821,1038825
2021-06-16,4,Oberösterreich,727465,628464
2021-06-16,5,Salzburg,498157,224910
2021-06-16,6,Steiermark,1230646,846494
2021-06-16,7,Tirol,631359,156688
2021-06-16,8,Vorarlberg,597005,128123
2021-06-16,9,Wien,2542989,808316
2021-06-16,10,Österreich,8053891,4338436
2021-06-17,1,Burgenland,491424,323211
2021-06-17,2,Kärnten,415493,188019
2021-06-17,3,Niederösterreich,939382,1049537
2021-06-17,4,Oberösterreich,733799,634007
2021-06-17,5,Salzburg,501899,227166
2021-06-17,6,Steiermark,1244774,854723
2021-06-17,7,Tirol,637649,158024
2021-06-17,8,Vorarlberg,602584,129547
2021-06-17,9,Wien,2583790,818219
2021-06-17,10,Österreich,8150794,4382453
2021-06-18,1,Burgenland,495565,325719
2021-06-18,2,Kärnten,419384,190522
2021-06-18,3,Niederösterreich,949074,1059238
2021-06-18,4,Oberösterreich,739760,639060
2021-06-18,5,Salzburg,505395,228993
2021-06-18,6,Steiermark,1257181,861836
2021-06-18,7,Tirol,643145,159695
2021-06-18,8,Vorarlberg,608245,130592
2021-06-18,9,Wien,2621717,826891
2021-06-18,10,Österreich,8239466,4422546
2021-06-19,1,Burgenland,505969,328239
2021-06-19,2,Kärnten,429898,193487
2021-06-19,3,Niederösterreich,970775,1069976
2021-06-19,4,Oberösterreich,753661,645794
2021-06-19,5,Salzburg,514126,230787
2021-06-19,6,Steiermark,1285083,870888
2021-06-19,7,Tirol,656862,161252
2021-06-19,8,Vorarlberg,620876,132425
2021-06-19,9,Wien,2689779,834473
2021-06-19,10,Österreich,8427029,4467321
2021-06-20,1,Burgenland,505775,329452
2021-06-20,2,Kärnten,430080,194719
2021-06-20,3,Niederösterreich,974293,1074571
2021-06-20,4,Oberösterreich,753378,646037
2021-06-20,5,Salzburg,513196,231105
2021-06-20,6,Steiermark,1285765,872224
2021-06-20,7,Tirol,656341,162599
2021-06-20,8,Vorarlberg,624804,132557
2021-06-20,9,Wien,2702464,835661
2021-06-20,10,Österreich,8446096,4478925
2021-06-21,1,Burgenland,507211,330405
2021-06-21,2,Kärnten,430346,195209
2021-06-21,3,Niederösterreich,976187,1077820
2021-06-21,4,Oberösterreich,753872,647743
2021-06-21,5,Salzburg,513407,231579
2021-06-21,6,Steiermark,1287114,874427
2021-06-21,7,Tirol,656651,163091
2021-06-21,8,Vorarlberg,628295,132796
2021-06-21,9,Wien,2707360,836958
2021-06-21,10,Österreich,8460443,4490028
2021-06-22,1,Burgenland,512298,333371
2021-06-22,2,Kärnten,435436,197634
2021-06-22,3,Niederösterreich,987502,1089811
2021-06-22,4,Oberösterreich,760479,654953
2021-06-22,5,Salzburg,517532,234540
2021-06-22,6,Steiermark,1302619,885976
2021-06-22,7,Tirol,662824,163986
2021-06-22,8,Vorarlberg,633423,133982
2021-06-22,9,Wien,2753859,848010
2021-06-22,10,Österreich,8565972,4542263
2021-06-23,1,Burgenland,515667,335339
2021-06-23,2,Kärnten,438492,199573
2021-06-23,3,Niederösterreich,995696,1097300
2021-06-23,4,Oberösterreich,765305,659124
2021-06-23,5,Salzburg,520447,235769
2021-06-23,6,Steiermark,1312843,892900
2021-06-23,7,Tirol,667155,165502
2021-06-23,8,Vorarlberg,637561,134984
2021-06-23,9,Wien,2786049,854686
2021-06-23,10,Österreich,8639215,4575177
2021-06-24,1,Burgenland,519974,338182
2021-06-24,2,Kärnten,442503,201424
2021-06-24,3,Niederösterreich,1004425,1106201
2021-06-24,4,Oberösterreich,770581,664253
2021-06-24,5,Salzburg,523450,237760
2021-06-24,6,Steiermark,1325365,900707
2021-06-24,7,Tirol,672389,166567
2021-06-24,8,Vorarlberg,642070,135956
2021-06-24,9,Wien,2822793,863904
2021-06-24,10,Österreich,8723550,4614954
2021-06-25,1,Burgenland,523588,340377
2021-06-25,2,Kärnten,445975,203342
2021-06-25,3,Niederösterreich,1012617,1113548
2021-06-25,4,Oberösterreich,775584,668731
2021-06-25,5,Salzburg,526263,239081
2021-06-25,6,Steiermark,1336191,907289
2021-06-25,7,Tirol,676926,168235
2021-06-25,8,Vorarlberg,646343,136994
2021-06-25,9,Wien,2855435,870590
2021-06-25,10,Österreich,8798922,4648187
2021-06-26,1,Burgenland,529225,342536
2021-06-26,2,Kärnten,452294,205898
2021-06-26,3,Niederösterreich,1026048,1122125
2021-06-26,4,Oberösterreich,782742,674013
2021-06-26,5,Salzburg,530648,240677
2021-06-26,6,Steiermark,1352493,915376
2021-06-26,7,Tirol,684264,170129
2021-06-26,8,Vorarlberg,653381,138237
2021-06-26,9,Wien,2899544,876165
2021-06-26,10,Österreich,8910639,4685156
2021-06-27,1,Burgenland,532369,343718
2021-06-27,2,Kärnten,455291,206999
2021-06-27,3,Niederösterreich,1033941,1125768
2021-06-27,4,Oberösterreich,786646,674546
2021-06-27,5,Salzburg,532823,240992
2021-06-27,6,Steiermark,1360321,916225
2021-06-27,7,Tirol,687877,170613
2021-06-27,8,Vorarlberg,660327,138372
2021-06-27,9,Wien,2924194,877655
2021-06-27,10,Österreich,8973789,4694888
2021-06-28,1,Burgenland,533418,344641
2021-06-28,2,Kärnten,455472,207592
2021-06-28,3,Niederösterreich,1035406,1128882
2021-06-28,4,Oberösterreich,787125,676021
2021-06-28,5,Salzburg,533068,241543
2021-06-28,6,Steiermark,1361394,918410
2021-06-28,7,Tirol,688119,171125
2021-06-28,8,Vorarlberg,663829,138818
2021-06-28,9,Wien,2928629,878547
2021-06-28,10,Österreich,8986460,4705579
2021-06-29,1,Burgenland,538105,347019
2021-06-29,2,Kärnten,459830,209717
2021-06-29,3,Niederösterreich,1045394,1139206
2021-06-29,4,Oberösterreich,792840,682305
2021-06-29,5,Salzburg,536554,243941
2021-06-29,6,Steiermark,1375570,928599
2021-06-29,7,Tirol,693700,171969
2021-06-29,8,Vorarlberg,668348,139838
2021-06-29,9,Wien,2972112,887926
2021-06-29,10,Österreich,9082453,4750520
2021-06-30,1,Burgenland,541035,350913
2021-06-30,2,Kärnten,462462,211487
2021-06-30,3,Niederösterreich,1052644,1145770
2021-06-30,4,Oberösterreich,796860,685851
2021-06-30,5,Salzburg,538918,245078
2021-06-30,6,Steiermark,1384382,932597
2021-06-30,7,Tirol,697251,173149
2021-06-30,8,Vorarlberg,671705,140696
2021-06-30,9,Wien,3002717,894020
2021-06-30,10,Österreich,9147974,4779561
2021-07-01,1,Burgenland,548909,353738
2021-07-01,2,Kärnten,469157,212074
2021-07-01,3,Niederösterreich,1066839,1152968
2021-07-01,4,Oberösterreich,807077,691607
2021-07-01,5,Salzburg,545305,246758
2021-07-01,6,Steiermark,1403857,946446
2021-07-01,7,Tirol,706669,173821
2021-07-01,8,Vorarlberg,680100,142433
2021-07-01,9,Wien,3055318,900578
2021-07-01,10,Österreich,9283231,4820423
2021-07-02,1,Burgenland,548258,355529
2021-07-02,2,Kärnten,469116,215043
2021-07-02,3,Niederösterreich,1068887,1160482
2021-07-02,4,Oberösterreich,806704,695897
2021-07-02,5,Salzburg,544425,248014
2021-07-02,6,Steiermark,1405094,952435
2021-07-02,7,Tirol,706386,175462
2021-07-02,8,Vorarlberg,679636,143455
2021-07-02,9,Wien,3074808,909201
2021-07-02,10,Österreich,9303314,4855518
2021-07-03,1,Burgenland,553997,357575
2021-07-03,2,Kärnten,474981,217487
2021-07-03,3,Niederösterreich,1083532,1168730
2021-07-03,4,Oberösterreich,814107,700262
2021-07-03,5,Salzburg,548886,250053
2021-07-03,6,Steiermark,1420948,959039
2021-07-03,7,Tirol,714482,176874
2021-07-03,8,Vorarlberg,686477,145252
2021-07-03,9,Wien,3124906,913976
2021-07-03,10,Österreich,9422316,4889248
2021-07-04,1,Burgenland,561552,358918
2021-07-04,2,Kärnten,481267,217803
2021-07-04,3,Niederösterreich,1098953,1171835
2021-07-04,4,Oberösterreich,823528,699946
2021-07-04,5,Salzburg,554784,250179
2021-07-04,6,Steiermark,1436709,959275
2021-07-04,7,Tirol,723541,177919
2021-07-04,8,Vorarlberg,697094,145474
2021-07-04,9,Wien,3172325,913738
2021-07-04,10,Österreich,9549753,4895087
2021-07-05,1,Burgenland,558310,359669
2021-07-05,2,Kärnten,478057,219411
2021-07-05,3,Niederösterreich,1094189,1175975
2021-07-05,4,Oberösterreich,818656,702034
2021-07-05,5,Salzburg,551290,250971
2021-07-05,6,Steiermark,1429069,962013
2021-07-05,7,Tirol,718526,178694
2021-07-05,8,Vorarlberg,695237,145792
2021-07-05,9,Wien,3159582,915623
2021-07-05,10,Österreich,9502916,4910182
2021-07-06,1,Burgenland,563173,362652
2021-07-06,2,Kärnten,482411,221583
2021-07-06,3,Niederösterreich,1104822,1184056
2021-07-06,4,Oberösterreich,824530,706759
2021-07-06,5,Salzburg,554930,253183
2021-07-06,6,Steiermark,1441726,971067
2021-07-06,7,Tirol,724446,179426
2021-07-06,8,Vorarlberg,699440,146552
2021-07-06,9,Wien,3208318,922948
2021-07-06,10,Österreich,9603796,4948226
2021-07-07,1,Burgenland,566692,364322
2021-07-07,2,Kärnten,485074,223255
2021-07-07,3,Niederösterreich,1113794,1190249
2021-07-07,4,Oberösterreich,828823,709697
2021-07-07,5,Salzburg,557334,254303
2021-07-07,6,Steiermark,1450012,976090
2021-07-07,7,Tirol,728938,180475
2021-07-07,8,Vorarlberg,703055,147390
2021-07-07,9,Wien,3246316,927012
2021-07-07,10,Österreich,9680038,4972793
2021-07-08,1,Burgenland,570989,366771
2021-07-08,2,Kärnten,488636,225256
2021-07-08,3,Niederösterreich,1122234,1196583
2021-07-08,4,Oberösterreich,833865,713400
2021-07-08,5,Salzburg,560209,255788
2021-07-08,6,Steiermark,1460434,982270
2021-07-08,7,Tirol,733816,181307
2021-07-08,8,Vorarlberg,706880,148084
2021-07-08,9,Wien,3288020,933536
2021-07-08,10,Österreich,9765083,5002995
2021-07-09,1,Burgenland,574574,368481
2021-07-09,2,Kärnten,491766,227233
2021-07-09,3,Niederösterreich,1130778,1202463
2021-07-09,4,Oberösterreich,838553,716398
2021-07-09,5,Salzburg,562976,257048
2021-07-09,6,Steiermark,1469606,986846
2021-07-09,7,Tirol,738761,182544
2021-07-09,8,Vorarlberg,710360,148737
2021-07-09,9,Wien,3326870,937762
2021-07-09,10,Österreich,9844244,5027512
2021-07-10,1,Burgenland,579699,370511
2021-07-10,2,Kärnten,498328,229939
2021-07-10,3,Niederösterreich,1143732,1209334
2021-07-10,4,Oberösterreich,847166,720553
2021-07-10,5,Salzburg,567921,258386
2021-07-10,6,Steiermark,1485972,992738
2021-07-10,7,Tirol,748147,183608
2021-07-10,8,Vorarlberg,717739,149714
2021-07-10,9,Wien,3372657,941662
2021-07-10,10,Österreich,9961361,5056445
2021-07-11,1,Burgenland,583131,371660
2021-07-11,2,Kärnten,501610,231623
2021-07-11,3,Niederösterreich,1152133,1213077
2021-07-11,4,Oberösterreich,851728,720961
2021-07-11,5,Salzburg,570421,258822
2021-07-11,6,Steiermark,1494128,993504
2021-07-11,7,Tirol,752953,184675
2021-07-11,8,Vorarlberg,724172,150043
2021-07-11,9,Wien,3399539,942295
2021-07-11,10,Österreich,10029815,5066660
2021-07-12,1,Burgenland,583887,372467
2021-07-12,2,Kärnten,501778,232361
2021-07-12,3,Niederösterreich,1153428,1216126
2021-07-12,4,Oberösterreich,852329,722049
2021-07-12,5,Salzburg,570645,259413
2021-07-12,6,Steiermark,1495201,995571
2021-07-12,7,Tirol,753123,185313
2021-07-12,8,Vorarlberg,727073,150332
2021-07-12,9,Wien,3405237,942946
2021-07-12,10,Österreich,10042701,5076578
2021-07-13,1,Burgenland,588399,375319
2021-07-13,2,Kärnten,506556,234753
2021-07-13,3,Niederösterreich,1163297,1223638
2021-07-13,4,Oberösterreich,858366,726395
2021-07-13,5,Salzburg,574326,261339
2021-07-13,6,Steiermark,1507921,1004555
2021-07-13,7,Tirol,759738,185980
2021-07-13,8,Vorarlberg,731690,151061
2021-07-13,9,Wien,3452422,949349
2021-07-13,10,Österreich,10142715,5112389
2021-07-14,1,Burgenland,591482,376772
2021-07-14,2,Kärnten,509263,236561
2021-07-14,3,Niederösterreich,1170728,1228716
2021-07-14,4,Oberösterreich,862670,729026
2021-07-14,5,Salzburg,576772,262381
2021-07-14,6,Steiermark,1515877,1008812
2021-07-14,7,Tirol,763892,187651
2021-07-14,8,Vorarlberg,734770,151918
2021-07-14,9,Wien,3485461,953225
2021-07-14,10,Österreich,10210915,5135062
2021-07-15,1,Burgenland,599864,379080
2021-07-15,2,Kärnten,517031,238851
2021-07-15,3,Niederösterreich,1186804,1234332
2021-07-15,4,Oberösterreich,874161,732383
2021-07-15,5,Salzburg,583775,263821
2021-07-15,6,Steiermark,1535766,1015317
2021-07-15,7,Tirol,775100,188481
2021-07-15,8,Vorarlberg,743863,152692
2021-07-15,9,Wien,3545304,958461
2021-07-15,10,Österreich,10361668,5163418
2021-07-16,1,Burgenland,598712,378860
2021-07-16,2,Kärnten,516589,241083
2021-07-16,3,Niederösterreich,1186688,1239804
2021-07-16,4,Oberösterreich,873227,735035
2021-07-16,5,Salzburg,582483,264951
2021-07-16,6,Steiermark,1535249,1021528
2021-07-16,7,Tirol,774218,189761
2021-07-16,8,Vorarlberg,742444,153347
2021-07-16,9,Wien,3555796,962720
2021-07-16,10,Österreich,10365406,5187089
2021-07-17,1,Burgenland,603837,380907
2021-07-17,2,Kärnten,522843,243803
2021-07-17,3,Niederösterreich,1199283,1246215
2021-07-17,4,Oberösterreich,881261,739049
2021-07-17,5,Salzburg,586976,266351
2021-07-17,6,Steiermark,1550407,1027466
2021-07-17,7,Tirol,782115,190993
2021-07-17,8,Vorarlberg,748786,154323
2021-07-17,9,Wien,3599603,966461
2021-07-17,10,Österreich,10475111,5215568
2021-07-18,1,Burgenland,606735,382018
2021-07-18,2,Kärnten,525999,245590
2021-07-18,3,Niederösterreich,1207095,1249546
2021-07-18,4,Oberösterreich,885947,739444
2021-07-18,5,Salzburg,589266,266759
2021-07-18,6,Steiermark,1557264,1028194
2021-07-18,7,Tirol,785948,192231
2021-07-18,8,Vorarlberg,753989,154676
2021-07-18,9,Wien,3621982,967118
2021-07-18,10,Österreich,10534225,5225576
2021-07-19,1,Burgenland,607585,382910
2021-07-19,2,Kärnten,526186,246478
2021-07-19,3,Niederösterreich,1208399,1252388
2021-07-19,4,Oberösterreich,886472,740569
2021-07-19,5,Salzburg,589500,267170
2021-07-19,6,Steiermark,1558116,1030390
2021-07-19,7,Tirol,786128,192868
2021-07-19,8,Vorarlberg,756169,154882
2021-07-19,9,Wien,3627112,968049
2021-07-19,10,Österreich,10545667,5235704
2021-07-20,1,Burgenland,611894,386025
2021-07-20,2,Kärnten,531144,248990
2021-07-20,3,Niederösterreich,1217781,1259931
2021-07-20,4,Oberösterreich,892072,744817
2021-07-20,5,Salzburg,593020,268925
2021-07-20,6,Steiermark,1570106,1038380
2021-07-20,7,Tirol,792046,193642
2021-07-20,8,Vorarlberg,760248,155521
2021-07-20,9,Wien,3668583,973919
2021-07-20,10,Österreich,10636894,5270150
2021-07-21,1,Burgenland,614832,387493
2021-07-21,2,Kärnten,533973,250737
2021-07-21,3,Niederösterreich,1225101,1264929
2021-07-21,4,Oberösterreich,896480,747317
2021-07-21,5,Salzburg,595497,270017
2021-07-21,6,Steiermark,1577615,1042621
2021-07-21,7,Tirol,796346,195133
2021-07-21,8,Vorarlberg,763637,156202
2021-07-21,9,Wien,3698129,977990
2021-07-21,10,Österreich,10701610,5292439
2021-07-22,1,Burgenland,618552,389680
2021-07-22,2,Kärnten,537954,253042
2021-07-22,3,Niederösterreich,1232741,1270493
2021-07-22,4,Oberösterreich,901576,750527
2021-07-22,5,Salzburg,598363,271258
2021-07-22,6,Steiermark,1587486,1048436
2021-07-22,7,Tirol,801520,196288
2021-07-22,8,Vorarlberg,768038,156856
2021-07-22,9,Wien,3731573,983329
2021-07-22,10,Österreich,10777803,5319909
2021-07-23,1,Burgenland,621693,391464
2021-07-23,2,Kärnten,541303,255203
2021-07-23,3,Niederösterreich,1240829,1275940
2021-07-23,4,Oberösterreich,906787,753020
2021-07-23,5,Salzburg,601084,272440
2021-07-23,6,Steiermark,1595545,1052584
2021-07-23,7,Tirol,806218,197628
2021-07-23,8,Vorarlberg,772024,157378
2021-07-23,9,Wien,3761688,988185
2021-07-23,10,Österreich,10847171,5343842
2021-07-24,1,Burgenland,626360,393237
2021-07-24,2,Kärnten,547454,258053
2021-07-24,3,Niederösterreich,1252913,1282112
2021-07-24,4,Oberösterreich,915087,756546
2021-07-24,5,Salzburg,605472,273937
2021-07-24,6,Steiermark,1610115,1058245
2021-07-24,7,Tirol,813708,198788
2021-07-24,8,Vorarlberg,778597,158062
2021-07-24,9,Wien,3800705,990801
2021-07-24,10,Österreich,10950411,5369781
2021-07-25,1,Burgenland,629301,394300
2021-07-25,2,Kärnten,550988,259941
2021-07-25,3,Niederösterreich,1260588,1285390
2021-07-25,4,Oberösterreich,919595,756946
2021-07-25,5,Salzburg,607782,274414
2021-07-25,6,Steiermark,1617028,1059101
2021-07-25,7,Tirol,817571,199936
2021-07-25,8,Vorarlberg,783696,158425
2021-07-25,9,Wien,3823338,991822
2021-07-25,10,Österreich,11009887,5380275
2021-07-26,1,Burgenland,630171,395102
2021-07-26,2,Kärnten,551205,260880
2021-07-26,3,Niederösterreich,1261726,1288142
2021-07-26,4,Oberösterreich,920115,757942
2021-07-26,5,Salzburg,607985,274919
2021-07-26,6,Steiermark,1617939,1061026
2021-07-26,7,Tirol,817738,200701
2021-07-26,8,Vorarlberg,785734,158709
2021-07-26,9,Wien,3828640,992887
2021-07-26,10,Österreich,11021253,5390308
2021-07-27,1,Burgenland,634313,397812
2021-07-27,2,Kärnten,555950,263520
2021-07-27,3,Niederösterreich,1270766,1294851
2021-07-27,4,Oberösterreich,925608,761858
2021-07-27,5,Salzburg,611275,276845
2021-07-27,6,Steiermark,1628643,1068121
2021-07-27,7,Tirol,823243,201490
2021-07-27,8,Vorarlberg,789542,159156
2021-07-27,9,Wien,3867012,998524
2021-07-27,10,Österreich,11106352,5422177
2021-07-28,1,Burgenland,637037,399242
2021-07-28,2,Kärnten,558838,265444
2021-07-28,3,Niederösterreich,1277581,1299409
2021-07-28,4,Oberösterreich,929533,763806
2021-07-28,5,Salzburg,613541,277948
2021-07-28,6,Steiermark,1635055,1072092
2021-07-28,7,Tirol,827067,203175
2021-07-28,8,Vorarlberg,792351,159810
2021-07-28,9,Wien,3892907,1002212
2021-07-28,10,Österreich,11163910,5443138
2021-07-29,1,Burgenland,640441,401548
2021-07-29,2,Kärnten,562603,267772
2021-07-29,3,Niederösterreich,1284915,1304333
2021-07-29,4,Oberösterreich,934100,766680
2021-07-29,5,Salzburg,616345,279246
2021-07-29,6,Steiermark,1643808,1077319
2021-07-29,7,Tirol,831505,204291
2021-07-29,8,Vorarlberg,795625,160333
2021-07-29,9,Wien,3923472,1006859
2021-07-29,10,Österreich,11232814,5468381
2021-07-30,1,Burgenland,643377,403118
2021-07-30,2,Kärnten,565952,269789
2021-07-30,3,Niederösterreich,1292236,1309115
2021-07-30,4,Oberösterreich,939106,768920
2021-07-30,5,Salzburg,618866,280677
2021-07-30,6,Steiermark,1650815,1081094
2021-07-30,7,Tirol,835854,205525
2021-07-30,8,Vorarlberg,799274,160816
2021-07-30,9,Wien,3952181,1010296
2021-07-30,10,Österreich,11297661,5489350
2021-07-31,1,Burgenland,647631,405159
2021-07-31,2,Kärnten,572148,272435
2021-07-31,3,Niederösterreich,1303427,1314776
2021-07-31,4,Oberösterreich,946912,771906
2021-07-31,5,Salzburg,622775,282153
2021-07-31,6,Steiermark,1662829,1085840
2021-07-31,7,Tirol,841974,206772
2021-07-31,8,Vorarlberg,804383,161231
2021-07-31,9,Wien,3988633,1013715
2021-07-31,10,Österreich,11390712,5513987
2021-08-01,1,Burgenland,650360,406233
2021-08-01,2,Kärnten,575372,274393
2021-08-01,3,Niederösterreich,1310518,1317919
2021-08-01,4,Oberösterreich,951680,772380
2021-08-01,5,Salzburg,625045,282802
2021-08-01,6,Steiermark,1668584,1086598
2021-08-01,7,Tirol,845290,207957
2021-08-01,8,Vorarlberg,808682,161464
2021-08-01,9,Wien,4009463,1014591
2021-08-01,10,Österreich,11444994,5524337
2021-08-02,1,Burgenland,651031,406933
2021-08-02,2,Kärnten,575522,275058
2021-08-02,3,Niederösterreich,1311555,1320395
2021-08-02,4,Oberösterreich,952230,773370
2021-08-02,5,Salzburg,625245,283419
2021-08-02,6,Steiermark,1669238,1087994
2021-08-02,7,Tirol,845443,208782
2021-08-02,8,Vorarlberg,810600,161786
2021-08-02,9,Wien,4014299,1015433
2021-08-02,10,Österreich,11455163,5533170
2021-08-03,1,Burgenland,654968,409647
2021-08-03,2,Kärnten,580355,277897
2021-08-03,3,Niederösterreich,1320623,1326893
2021-08-03,4,Oberösterreich,957721,776751
2021-08-03,5,Salzburg,628663,285728
2021-08-03,6,Steiermark,1679242,1093304
2021-08-03,7,Tirol,850834,209732
2021-08-03,8,Vorarlberg,814409,162116
2021-08-03,9,Wien,4051357,1020558
2021-08-03,10,Österreich,11538172,5562626
2021-08-04,1,Burgenland,657393,411104
2021-08-04,2,Kärnten,583149,279613
2021-08-04,3,Niederösterreich,1327284,1331256
2021-08-04,4,Oberösterreich,961501,778579
2021-08-04,5,Salzburg,630926,286848
2021-08-04,6,Steiermark,1684841,1096076
2021-08-04,7,Tirol,854408,211234
2021-08-04,8,Vorarlberg,817216,162756
2021-08-04,9,Wien,4076125,1023426
2021-08-04,10,Österreich,11592843,5580892
2021-08-05,1,Burgenland,660687,413276
2021-08-05,2,Kärnten,586705,282111
2021-08-05,3,Niederösterreich,1334272,1335872
2021-08-05,4,Oberösterreich,965912,780998
2021-08-05,5,Salzburg,633697,288515
2021-08-05,6,Steiermark,1692271,1100156
2021-08-05,7,Tirol,858837,212311
2021-08-05,8,Vorarlberg,820572,163041
2021-08-05,9,Wien,4104102,1027730
2021-08-05,10,Österreich,11657055,5604010
2021-08-06,1,Burgenland,663316,414832
2021-08-06,2,Kärnten,589778,284370
2021-08-06,3,Niederösterreich,1341242,1340002
2021-08-06,4,Oberösterreich,970349,782717
2021-08-06,5,Salzburg,636087,289963
2021-08-06,6,Steiermark,1698742,1102505
2021-08-06,7,Tirol,862951,213589
2021-08-06,8,Vorarlberg,823558,163468
2021-08-06,9,Wien,4127832,1030760
2021-08-06,10,Österreich,11713855,5622206
2021-08-07,1,Burgenland,667277,416655
2021-08-07,2,Kärnten,595269,287346
2021-08-07,3,Niederösterreich,1351537,1345371
2021-08-07,4,Oberösterreich,976958,785005
2021-08-07,5,Salzburg,639844,291521
2021-08-07,6,Steiermark,1709540,1105728
2021-08-07,7,Tirol,869443,214908
2021-08-07,8,Vorarlberg,828447,163903
2021-08-07,9,Wien,4161494,1033449
2021-08-07,10,Österreich,11799809,5643886
2021-08-08,1,Burgenland,669734,417772
2021-08-08,2,Kärnten,598596,289568
2021-08-08,3,Niederösterreich,1358310,1348373
2021-08-08,4,Oberösterreich,980786,785358
2021-08-08,5,Salzburg,642134,292323
2021-08-08,6,Steiermark,1714952,1106606
2021-08-08,7,Tirol,872645,216117
2021-08-08,8,Vorarlberg,832090,164051
2021-08-08,9,Wien,4183024,1034856
2021-08-08,10,Österreich,11852271,5655024
2021-08-09,1,Burgenland,670415,418482
2021-08-09,2,Kärnten,598743,290551
2021-08-09,3,Niederösterreich,1359292,1351033
2021-08-09,4,Oberösterreich,981220,786471
2021-08-09,5,Salzburg,642373,292859
2021-08-09,6,Steiermark,1715538,1107867
2021-08-09,7,Tirol,872832,217064
2021-08-09,8,Vorarlberg,833897,164242
2021-08-09,9,Wien,4188111,1036041
2021-08-09,10,Österreich,11862421,5664610
2021-08-10,1,Burgenland,674179,421227
2021-08-10,2,Kärnten,603336,292221
2021-08-10,3,Niederösterreich,1368103,1356228
2021-08-10,4,Oberösterreich,986278,789093
2021-08-10,5,Salzburg,645707,294785
2021-08-10,6,Steiermark,1724501,1112290
2021-08-10,7,Tirol,878126,217771
2021-08-10,8,Vorarlberg,837495,164617
2021-08-10,9,Wien,4222888,1039800
2021-08-10,10,Österreich,11940613,5688032
2021-08-11,1,Burgenland,676544,422904
2021-08-11,2,Kärnten,606063,295352
2021-08-11,3,Niederösterreich,1374611,1361750
2021-08-11,4,Oberösterreich,989763,791558
2021-08-11,5,Salzburg,647789,296286
2021-08-11,6,Steiermark,1730053,1115831
2021-08-11,7,Tirol,881840,219417
2021-08-11,8,Vorarlberg,840360,165145
2021-08-11,9,Wien,4247968,1044157
2021-08-11,10,Österreich,11994991,5712400
2021-08-12,1,Burgenland,679734,424908
2021-08-12,2,Kärnten,609618,297723
2021-08-12,3,Niederösterreich,1381352,1366129
2021-08-12,4,Oberösterreich,993924,793881
2021-08-12,5,Salzburg,650286,297576
2021-08-12,6,Steiermark,1737274,1119790
2021-08-12,7,Tirol,886466,220528
2021-08-12,8,Vorarlberg,843922,165518
2021-08-12,9,Wien,4275296,1048089
2021-08-12,10,Österreich,12057872,5734142
2021-08-13,1,Burgenland,682536,426433
2021-08-13,2,Kärnten,612723,300072
2021-08-13,3,Niederösterreich,1388155,1370603
2021-08-13,4,Oberösterreich,997954,795718
2021-08-13,5,Salzburg,652668,298917
2021-08-13,6,Steiermark,1743710,1122325
2021-08-13,7,Tirol,890362,221767
2021-08-13,8,Vorarlberg,847009,165843
2021-08-13,9,Wien,4300818,1051469
2021-08-13,10,Österreich,12115935,5753147
2021-08-14,1,Burgenland,686407,428334
2021-08-14,2,Kärnten,617721,302779
2021-08-14,3,Niederösterreich,1398026,1375398
2021-08-14,4,Oberösterreich,1003978,798089
2021-08-14,5,Salzburg,656407,300547
2021-08-14,6,Steiermark,1753908,1125440
2021-08-14,7,Tirol,896421,222994
2021-08-14,8,Vorarlberg,851495,166203
2021-08-14,9,Wien,4333326,1054149
2021-08-14,10,Österreich,12197689,5773933
2021-08-15,1,Burgenland,688990,429533
2021-08-15,2,Kärnten,620692,304871
2021-08-15,3,Niederösterreich,1404918,1378433
2021-08-15,4,Oberösterreich,1007779,798486
2021-08-15,5,Salzburg,658557,301382
2021-08-15,6,Steiermark,1759557,1126248
2021-08-15,7,Tirol,900014,224199
2021-08-15,8,Vorarlberg,855830,166485
2021-08-15,9,Wien,4354796,1055244
2021-08-15,10,Österreich,12251133,5784881
2021-08-16,1,Burgenland,689877,430337
2021-08-16,2,Kärnten,620812,305791
2021-08-16,3,Niederösterreich,1406029,1381324
2021-08-16,4,Oberösterreich,1008220,799813
2021-08-16,5,Salzburg,658754,301912
2021-08-16,6,Steiermark,1760171,1127753
2021-08-16,7,Tirol,900212,225050
2021-08-16,8,Vorarlberg,857837,166684
2021-08-16,9,Wien,4360527,1056381
2021-08-16,10,Österreich,12262439,5795045
2021-08-17,1,Burgenland,693490,433219
2021-08-17,2,Kärnten,625177,308580
2021-08-17,3,Niederösterreich,1413957,1387771
2021-08-17,4,Oberösterreich,1013236,804454
2021-08-17,5,Salzburg,661811,303928
2021-08-17,6,Steiermark,1769334,1133535
2021-08-17,7,Tirol,904971,226628
2021-08-17,8,Vorarlberg,860768,167064
2021-08-17,9,Wien,4392770,1061435
2021-08-17,10,Österreich,12335514,5826614
2021-08-18,1,Burgenland,695742,434912
2021-08-18,2,Kärnten,627877,310397
2021-08-18,3,Niederösterreich,1420200,1392207
2021-08-18,4,Oberösterreich,1016846,807308
2021-08-18,5,Salzburg,663832,304969
2021-08-18,6,Steiermark,1775074,1137607
2021-08-18,7,Tirol,908305,227730
2021-08-18,8,Vorarlberg,863526,167576
2021-08-18,9,Wien,4415873,1064606
2021-08-18,10,Österreich,12387275,5847312
2021-08-19,1,Burgenland,698667,437181
2021-08-19,2,Kärnten,631263,313034
2021-08-19,3,Niederösterreich,1426809,1396649
2021-08-19,4,Oberösterreich,1020983,809841
2021-08-19,5,Salzburg,666242,306539
2021-08-19,6,Steiermark,1782627,1142579
2021-08-19,7,Tirol,912400,228819
2021-08-19,8,Vorarlberg,866723,167995
2021-08-19,9,Wien,4442541,1068641
2021-08-19,10,Österreich,12448255,5871278
2021-08-20,1,Burgenland,701460,438603
2021-08-20,2,Kärnten,634324,315104
2021-08-20,3,Niederösterreich,1433903,1401226
2021-08-20,4,Oberösterreich,1025018,811784
2021-08-20,5,Salzburg,668330,307949
2021-08-20,6,Steiermark,1788692,1145926
2021-08-20,7,Tirol,916180,230125
2021-08-20,8,Vorarlberg,869600,168357
2021-08-20,9,Wien,4466336,1072092
2021-08-20,10,Österreich,12503843,5891166
2021-08-21,1,Burgenland,705248,440602
2021-08-21,2,Kärnten,639536,317924
2021-08-21,3,Niederösterreich,1444085,1406254
2021-08-21,4,Oberösterreich,1031147,814288
2021-08-21,5,Salzburg,671964,309686
2021-08-21,6,Steiermark,1798970,1149920
2021-08-21,7,Tirol,922122,231396
2021-08-21,8,Vorarlberg,874567,168838
2021-08-21,9,Wien,4497284,1074774
2021-08-21,10,Österreich,12584923,5913682
2021-08-22,1,Burgenland,707874,441720
2021-08-22,2,Kärnten,642732,319874
2021-08-22,3,Niederösterreich,1450798,1409211
2021-08-22,4,Oberösterreich,1034709,814705
2021-08-22,5,Salzburg,674061,310418
2021-08-22,6,Steiermark,1804299,1150687
2021-08-22,7,Tirol,925451,232396
2021-08-22,8,Vorarlberg,878781,169010
2021-08-22,9,Wien,4517318,1076076
2021-08-22,10,Österreich,12636023,5924097
2021-08-23,1,Burgenland,708584,442599
2021-08-23,2,Kärnten,642842,320721
2021-08-23,3,Niederösterreich,1451827,1411757
2021-08-23,4,Oberösterreich,1035199,815890
2021-08-23,5,Salzburg,674229,311305
2021-08-23,6,Steiermark,1804827,1152563
2021-08-23,7,Tirol,925714,233128
2021-08-23,8,Vorarlberg,880357,169189
2021-08-23,9,Wien,4522786,1077139
2021-08-23,10,Österreich,12646365,5934291
2021-08-24,1,Burgenland,712107,445170
2021-08-24,2,Kärnten,646946,323434
2021-08-24,3,Niederösterreich,1460136,1418507
2021-08-24,4,Oberösterreich,1040075,819745
2021-08-24,5,Salzburg,677194,313362
2021-08-24,6,Steiermark,1813373,1158967
2021-08-24,7,Tirol,930941,234018
2021-08-24,8,Vorarlberg,883625,169664
2021-08-24,9,Wien,4555642,1082327
2021-08-24,10,Österreich,12720039,5965194
2021-08-25,1,Burgenland,714241,446726
2021-08-25,2,Kärnten,649538,325178
2021-08-25,3,Niederösterreich,1466722,1422968
2021-08-25,4,Oberösterreich,1043650,821963
2021-08-25,5,Salzburg,679094,314443
2021-08-25,6,Steiermark,1818634,1162480
2021-08-25,7,Tirol,934088,235376
2021-08-25,8,Vorarlberg,885989,170182
2021-08-25,9,Wien,4577937,1085651
2021-08-25,10,Österreich,12769893,5984967
2021-08-26,1,Burgenland,717164,448868
2021-08-26,2,Kärnten,652888,327519
2021-08-26,3,Niederösterreich,1473338,1427581
2021-08-26,4,Oberösterreich,1047611,825362
2021-08-26,5,Salzburg,681429,316025
2021-08-26,6,Steiermark,1825763,1167249
2021-08-26,7,Tirol,938624,236346
2021-08-26,8,Vorarlberg,889070,170556
2021-08-26,9,Wien,4605183,1089843
2021-08-26,10,Österreich,12831070,6009349
2021-08-27,1,Burgenland,719734,450385
2021-08-27,2,Kärnten,655820,329830
2021-08-27,3,Niederösterreich,1479944,1432235
2021-08-27,4,Oberösterreich,1051657,827230
2021-08-27,5,Salzburg,683501,317413
2021-08-27,6,Steiermark,1831745,1170610
2021-08-27,7,Tirol,942255,237439
2021-08-27,8,Vorarlberg,891588,170805
2021-08-27,9,Wien,4627792,1093309
2021-08-27,10,Österreich,12884036,6029256
2021-08-28,1,Burgenland,723303,452155
2021-08-28,2,Kärnten,660494,332389
2021-08-28,3,Niederösterreich,1489734,1437081
2021-08-28,4,Oberösterreich,1057538,829950
2021-08-28,5,Salzburg,686757,319088
2021-08-28,6,Steiermark,1841181,1174851
2021-08-28,7,Tirol,948077,238359
2021-08-28,8,Vorarlberg,895998,171304
2021-08-28,9,Wien,4657142,1095973
2021-08-28,10,Österreich,12960224,6051150
2021-08-29,1,Burgenland,725498,453237
2021-08-29,2,Kärnten,663312,334403
2021-08-29,3,Niederösterreich,1496412,1440033
2021-08-29,4,Oberösterreich,1061292,830278
2021-08-29,5,Salzburg,688487,319727
2021-08-29,6,Steiermark,1845805,1175700
2021-08-29,7,Tirol,951256,239290
2021-08-29,8,Vorarlberg,899499,171389
2021-08-29,9,Wien,4675677,1097039
2021-08-29,10,Österreich,13007238,6061096
2021-08-30,1,Burgenland,726225,454149
2021-08-30,2,Kärnten,663452,335199
2021-08-30,3,Niederösterreich,1497517,1442671
2021-08-30,4,Oberösterreich,1061768,831353
2021-08-30,5,Salzburg,688682,320380
2021-08-30,6,Steiermark,1846414,1177544
2021-08-30,7,Tirol,951542,240013
2021-08-30,8,Vorarlberg,901019,171486
2021-08-30,9,Wien,4681179,1098297
2021-08-30,10,Österreich,13017798,6071092
2021-08-31,1,Burgenland,729698,457046
2021-08-31,2,Kärnten,667392,337640
2021-08-31,3,Niederösterreich,1505888,1449346
2021-08-31,4,Oberösterreich,1066568,836617
2021-08-31,5,Salzburg,691319,322208
2021-08-31,6,Steiermark,1854472,1184328
2021-08-31,7,Tirol,956180,240795
2021-08-31,8,Vorarlberg,903829,172035
2021-08-31,9,Wien,4716022,1104016
2021-08-31,10,Österreich,13091368,6104031
2021-09-01,1,Burgenland,731927,458691
2021-09-01,2,Kärnten,670153,339273
2021-09-01,3,Niederösterreich,1512735,1454227
2021-09-01,4,Oberösterreich,1070313,839716
2021-09-01,5,Salzburg,693264,323164
2021-09-01,6,Steiermark,1859851,1188084
2021-09-01,7,Tirol,959746,241876
2021-09-01,8,Vorarlberg,906275,172496
2021-09-01,9,Wien,4740219,1107711
2021-09-01,10,Österreich,13144483,6125238
2021-09-02,1,Burgenland,734951,460613
2021-09-02,2,Kärnten,673494,341438
2021-09-02,3,Niederösterreich,1519665,1459579
2021-09-02,4,Oberösterreich,1074685,842970
2021-09-02,5,Salzburg,695588,324494
2021-09-02,6,Steiermark,1867139,1193259
2021-09-02,7,Tirol,964196,242819
2021-09-02,8,Vorarlberg,909405,173014
2021-09-02,9,Wien,4770930,1112751
2021-09-02,10,Österreich,13210053,6150937
2021-09-03,1,Burgenland,737868,462162
2021-09-03,2,Kärnten,676571,343624
2021-09-03,3,Niederösterreich,1527294,1464466
2021-09-03,4,Oberösterreich,1078939,845298
2021-09-03,5,Salzburg,697778,325730
2021-09-03,6,Steiermark,1873131,1196939
2021-09-03,7,Tirol,968005,243902
2021-09-03,8,Vorarlberg,912464,173220
2021-09-03,9,Wien,4802327,1116572
2021-09-03,10,Österreich,13274377,6171913
2021-09-04,1,Burgenland,741698,464123
2021-09-04,2,Kärnten,681364,346023
2021-09-04,3,Niederösterreich,1537554,1469746
2021-09-04,4,Oberösterreich,1085019,848028
2021-09-04,5,Salzburg,700964,327048
2021-09-04,6,Steiermark,1882777,1201180
2021-09-04,7,Tirol,973812,244822
2021-09-04,8,Vorarlberg,916985,173571
2021-09-04,9,Wien,4837559,1119936
2021-09-04,10,Österreich,13357732,6194477
2021-09-05,1,Burgenland,744223,465255
2021-09-05,2,Kärnten,684063,347733
2021-09-05,3,Niederösterreich,1544962,1472983
2021-09-05,4,Oberösterreich,1088626,848414
2021-09-05,5,Salzburg,702925,327586
2021-09-05,6,Steiermark,1887738,1201857
2021-09-05,7,Tirol,977017,245616
2021-09-05,8,Vorarlberg,920995,173673
2021-09-05,9,Wien,4861171,1121374
2021-09-05,10,Österreich,13411720,6204491
2021-09-06,1,Burgenland,745061,465957
2021-09-06,2,Kärnten,684179,348510
2021-09-06,3,Niederösterreich,1546403,1476237
2021-09-06,4,Oberösterreich,1089050,849678
2021-09-06,5,Salzburg,703064,328114
2021-09-06,6,Steiermark,1888325,1203735
2021-09-06,7,Tirol,977363,246187
2021-09-06,8,Vorarlberg,922928,173836
2021-09-06,9,Wien,4871637,1122759
2021-09-06,10,Österreich,13428010,6215013
